-1.204606011206283744e+00,-1.037822029682321771e-05,-1.355875917504356071e-05
-1.590467373650583383e-01,1.935294050696416575e-05,5.533273342870022370e-05
8.859101799994746340e-01,3.540485229549315518e-05,-7.497500784294906134e-05
1.931057211757267744e+00,1.341316456343778904e-05,6.636336901751497858e-05
2.975948215503648075e+00,-3.692360826063756244e-05,-4.483162862172928085e-05
4.021066594572192621e+00,-7.068491806515941965e-05,8.819996803128860594e-05
5.065800196498374319e+00,-3.858640205307109922e-05,-7.965850077426897807e-05
6.110539393133363362e+00,5.432498219515729556e-05,-4.094064756568459589e-04
7.154913721073799415e+00,1.319134377921896216e-04,9.437209937233004753e-04
8.199348992162805771e+00,8.422380190598266697e-05,-6.045075284936394806e-04
9.243550026099004668e+00,-7.770758259260604093e-05,-8.320381654236550309e-04
1.028774953812218307e+01,-2.100570450600226736e-04,2.142757629608723138e-03
1.133174010390257891e+01,-1.714029074721213426e-04,-1.021462246721414457e-03
1.237585434933061812e+01,8.046584554127979739e-05,-3.603411544142733850e-03
1.341987835352123426e+01,3.419743666511159785e-04,7.954618100515988000e-03
1.446393533140921051e+01,2.795891102039413595e-04,-6.115547084664669196e-03
1.550805675600496158e+01,-7.881590326277783008e-05,-3.111809254736497949e-04
1.655229511756915173e+01,-4.859904744432911325e-04,2.370281330143546522e-04
1.759695389354786244e+01,-3.836503113080102145e-04,4.024288691072135278e-03
1.864200698428190606e+01,5.763402882785152774e-05,-8.991307390272056891e-04
1.968757303322368557e+01,5.640019933983981106e-04,-3.638493361063745764e-03
2.073320867832104142e+01,6.154264327453177422e-04,1.227364077409566143e-02
2.177836068824132809e+01,6.261628382644163627e-05,-3.064992781292057503e-02
2.282032456779975504e+01,-7.059009872273836915e-04,6.437575487013448561e-02
2.385329881858837808e+01,-9.499234729281745733e-04,-1.016541806025015732e-01
2.487330584925514998e+01,-2.330580436685382039e-04,1.316767683095844688e-01
2.588012247777071551e+01,8.497607999520560623e-04,-1.535555454785329232e-01
2.688617258001900723e+01,1.323483887594018764e-03,1.334451981305948831e-01
2.791898135495208422e+01,4.570242223787246406e-04,-3.280338548376887653e-02
2.896078803477467645e+01,-9.410492417745863628e-04,-1.232722724764561545e-01
2.994744238324147645e+01,-1.591911863714216792e-03,2.221807503774302639e-01
3.091591609773255556e+01,-7.823210172189631190e-04,-1.709200621196977909e-01
3.194587297139015902e+01,9.790702360906752919e-04,8.856600985368069320e-03
3.298827682908002856e+01,1.725395699386102861e-03,8.986016172043560790e-02
3.402979432218450029e+01,9.418510372987638551e-04,-6.582794164556337625e-03
3.506503283760191181e+01,-7.703156755357688573e-04,-1.534184102008891160e-01
3.604896675484274482e+01,-1.719425763261872879e-03,2.011264400116316575e-01
3.705607288341659711e+01,-9.046680227027211786e-04,-8.110650233358518424e-02
3.810233641651603875e+01,5.166309948651732261e-04,-9.585756639901076015e-02
3.910696419443859639e+01,1.351934886709808608e-03,1.960899368833955436e-01
4.007186474192065617e+01,9.219865096562267996e-04,-2.077397989423185320e-01
4.103830545736229851e+01,-2.431945271170671611e-04,1.925294836574598656e-01
4.201584515217749072e+01,-1.094509599708482763e-03,-1.798385635487028955e-01
4.300366274808943956e+01,-9.848215681699462945e-04,1.647681355490569211e-01
4.400022698516183084e+01,1.669616141408377359e-05,-1.534872971945320519e-01
4.499911732112730789e+01,1.020782783578861545e-03,1.574171632985180425e-01
4.599349952202646818e+01,1.053057326788537241e-03,-1.675098538313366803e-01
4.697975214997533300e+01,1.845196772346003895e-04,1.812877522335153146e-01
4.795129232838274902e+01,-9.300215810699025403e-04,-2.062043820122304860e-01
4.890698508079881179e+01,-1.272255133291865523e-03,2.186569955729149861e-01
4.987830149038281036e+01,-4.992552836652977295e-04,-1.690931752862190329e-01
5.090173800542235227e+01,9.714863993952641778e-04,4.693832351056406726e-02
5.194730091173353514e+01,1.603249532254468314e-03,8.037587991950688460e-02
5.296863546458021688e+01,7.501895476701533243e-04,-1.446658224250295943e-01
5.397167600825312661e+01,-9.824945584984712005e-04,1.516278013706684469e-01
5.497697215242616409e+01,-1.728009684110076716e-03,-1.360095049783268395e-01
5.599367686146608492e+01,-9.800539142985635523e-04,1.095835974345159558e-01
5.702524635700512334e+01,8.246852000928929071e-04,-6.280538721959919024e-02
5.807051754958683176e+01,1.725461465264116695e-03,-1.899977132967705859e-02
5.910610555059150784e+01,9.137451693903851689e-04,1.285757601982724652e-01
6.009144819259426384e+01,-5.496167291114801255e-04,-2.224033344144946411e-01
6.101895674027898764e+01,-1.364078840064554717e-03,2.605182715037681063e-01
6.193695865308898618e+01,-1.145394649188190717e-03,-2.402419495540391303e-01
6.289245103432082118e+01,1.735979817885062047e-04,1.856100910310858887e-01
6.389436131271367003e+01,1.464179846871689226e-03,-1.166984077490772626e-01
6.493019425369374176e+01,1.559812138163947561e-03,3.636285471723799123e-02
6.597744866994293034e+01,-2.608838439570475873e-05,2.882506208478133672e-02
6.702290573297118215e+01,-1.593161284936924372e-03,-3.496189910171011023e-02
6.806968794367028863e+01,-1.607022591779260845e-03,-1.946402681639821178e-02
6.910925660248558700e+01,-3.286543192939309500e-05,1.035505637710315424e-01
7.011771675906416590e+01,1.265158526895231172e-03,-1.747181854769184473e-01
7.109558735521355288e+01,1.302610623536249812e-03,1.966728256039123601e-01
7.207397764531856410e+01,2.806969579237397175e-04,-1.738032017965443765e-01
7.307427038374946449e+01,-9.123061710358167922e-04,1.323812484847548820e-01
7.409879298539989634e+01,-1.083109298229378110e-03,-7.938339740166124037e-02
7.513991399440439523e+01,-3.697975151528489781e-04,1.582161021490423314e-02
7.618484067761609424e+01,6.211573963633669352e-04,3.153681499546324291e-02
7.722741802189896987e+01,8.376571607859966111e-04,-3.694686441049431502e-02
7.827092992952373152e+01,3.436084300865105347e-04,1.263230936932427384e-02
7.931564804315092942e+01,-3.369096651899795782e-04,8.797457918312379110e-03
8.036042696085341674e+01,-5.923687682163915596e-04,-1.077399457809656742e-02
8.140543824998781020e+01,-3.077242777342848400e-04,2.443181167085962686e-03
8.245061904432030531e+01,1.435158276861084911e-04,7.496972628919521464e-04
8.349572099671364356e+01,4.554941833990726482e-04,-6.575179827609365811e-04
8.454078596467205386e+01,2.868366597791498825e-04,3.823486394050217008e-03
8.558561509433035042e+01,-1.166615339245476000e-04,-7.036416173323485970e-03
8.663006811746083713e+01,-3.065764410199655287e-04,7.200668012748329648e-03
8.767411854266438809e+01,-1.811320964354670607e-04,-4.879724169827814352e-03
8.871779322973314663e+01,4.075153146561023252e-05,2.889026288019552920e-03
8.976128990266262520e+01,1.705627365329496180e-04,-2.138134831806215788e-03
9.080467307470921412e+01,1.270564101044207304e-04,1.516384030092328980e-03
9.184818493689944319e+01,-6.920646813776555308e-06,-7.626403771139567914e-04
9.289173103453677527e+01,-9.495699147234654179e-05,3.537722287005114642e-04
9.393576384902567611e+01,-7.641392949925988399e-05,-2.158904775433832498e-04
9.497994937818536698e+01,-7.345946700988656689e-06,1.122592086549569840e-04
9.602468011582190854e+01,4.549032517394311720e-05,7.398724525030303870e-05
9.706930438863746247e+01,4.413404452488709482e-05,-1.115235916512149822e-04
9.811429034307568031e+01,7.648140215997579043e-06,3.109767420889595084e-05
9.915915615607408995e+01,-2.310903699697413713e-05,1.868678700733979907e-06
1.002046760479312297e+02,-1.448669077245006897e-05,-1.326941849448364302e-05
